{"cameraMode":{"drawMode":0,"name":"Shaded","section":"Shading Mode"},"sceneLighting":false,"audioPlay":false,"sceneViewState":{"m_AlwaysRefresh":false,"showFog":true,"showSkybox":true,"showFlares":true,"showImageEffects":true,"showParticleSystems":true,"showVisualEffectGraphs":true,"m_FxEnabled":true},"in2DMode":false,"pivot":{"x":0.5093374252319336,"y":5.841694355010986,"z":-2.7866854667663576},"rotation":{"x":-0.019125116989016534,"y":-0.9615157842636108,"z":0.06934910267591477,"w":-0.26517796516418459},"size":46.30937194824219,"orthographic":false}