{"cameraMode":{"drawMode":0,"name":"Shaded","section":"Shading Mode"},"sceneLighting":false,"audioPlay":false,"sceneViewState":{"m_AlwaysRefresh":false,"showFog":true,"showSkybox":true,"showFlares":true,"showImageEffects":true,"showParticleSystems":true,"showVisualEffectGraphs":true,"m_FxEnabled":true},"in2DMode":false,"pivot":{"x":296.3351745605469,"y":111.09920501708985,"z":-1.1296378374099732},"rotation":{"x":0.540833592414856,"y":0.012615881860256195,"z":-0.008113113231956959,"w":0.8409959673881531},"size":183.52191162109376,"orthographic":true}