{"cameraMode":{"drawMode":0,"name":"Shaded","section":"Shading Mode"},"sceneLighting":false,"audioPlay":false,"sceneViewState":{"m_AlwaysRefresh":false,"showFog":true,"showSkybox":true,"showFlares":true,"showImageEffects":true,"showParticleSystems":true,"showVisualEffectGraphs":true,"m_FxEnabled":true},"in2DMode":false,"pivot":{"x":16.211273193359376,"y":-880.902099609375,"z":838.8419799804688},"rotation":{"x":0.39952710270881655,"y":0.0013753606472164393,"z":-0.0005991526413708925,"w":0.9167235493659973},"size":629.007080078125,"orthographic":false}