{"cameraMode":{"drawMode":0,"name":"Shaded","section":"Shading Mode"},"sceneLighting":false,"audioPlay":false,"sceneViewState":{"m_AlwaysRefresh":false,"showFog":true,"showSkybox":true,"showFlares":true,"showImageEffects":true,"showParticleSystems":true,"showVisualEffectGraphs":true,"m_FxEnabled":true},"in2DMode":false,"pivot":{"x":0.22888419032096864,"y":1.790217638015747,"z":-3.694758653640747},"rotation":{"x":-0.2824611961841583,"y":0.02994532324373722,"z":-0.00882024597376585,"w":-0.9587786197662354},"size":35.036781311035159,"orthographic":false}