{"cameraMode":{"drawMode":0,"name":"Shaded","section":"Shading Mode"},"sceneLighting":false,"audioPlay":false,"sceneViewState":{"m_AlwaysRefresh":false,"showFog":true,"showSkybox":true,"showFlares":true,"showImageEffects":true,"showParticleSystems":true,"showVisualEffectGraphs":true,"m_FxEnabled":true},"in2DMode":false,"pivot":{"x":1.313839077949524,"y":-3.0717620849609377,"z":2.7730541229248049},"rotation":{"x":0.3843470811843872,"y":-0.0008290683617815375,"z":0.0003452469245530665,"w":0.9231898188591003},"size":15.139455795288086,"orthographic":false}