{"cameraMode":{"drawMode":0,"name":"Shaded","section":"Shading Mode"},"sceneLighting":false,"audioPlay":false,"sceneViewState":{"m_AlwaysRefresh":false,"showFog":true,"showSkybox":true,"showFlares":true,"showImageEffects":true,"showParticleSystems":true,"showVisualEffectGraphs":true,"m_FxEnabled":true},"in2DMode":false,"pivot":{"x":0.5611083507537842,"y":0.41732481122016909,"z":1.8999996185302735},"rotation":{"x":0.12965461611747743,"y":0.08466979116201401,"z":-0.011112593114376068,"w":0.9878750443458557},"size":0.9118008613586426,"orthographic":true}